<?xml version="1.0" encoding="UTF-8"?>
<datasources xmlns="http://www.jboss.org/ironjacamar/schema"
	xmlns:xsi="http://www.w3.org/2001/XMLSchema-instance"
	xsi:schemaLocation="http://www.jboss.org/ironjacamar/schema http://docs.jboss.org/ironjacamar/schema/datasources_1_0.xsd">
	<datasource jndi-name="java:jboss/datasources/Ohana"
		pool-name="ohana-datasource-pool" enabled="true"
		use-java-context="true">
		<connection-url>jdbc:mysql://localhost:3306/ohana-database?createDatabaseIfNotExist=true&amp;useUnicode=true&amp;serverTimezone=Europe/Paris
		</connection-url>
		<driver>mysql</driver>
		<security>
			<user-name>root</user-name>
			<password>rrrrr</password>
		</security>
	</datasource>
</datasources>
 
